{"Server 1": {"id": "ed0af8d1-890e-409b-b9e2-2f8a31aeaaa5", "maxPlayers": 12, "playing": 12, "playerTokens": ["7D34DA1A3BCE61886637C6BAEF9EA4AC", "AE24E77ED7A6B27BB81AC5B38B3FA5BA", "9AC3D195C803B1758AD1CB3853BF8427", "599C02C9F9BA777CA789DC60B41C6EFC", "EED49598273FDB833CF6AA79CB8C7088", "641532A9FBF33CFA36165816C6B554BA", "F5E9CF1E5A787822C7E006083C176CB1", "3BE166BB683F13AC0D14CE5B16C91981", "ED623468F3593FA9C52ACA2F3989849E", "1714873F4BE35A0D22862C1E0A1F3216", "559301AB0C6CA258D003751097B3938A", "5624ABB523B75869F1CFB81C07C07813"], "players": [], "fps": 59.954861, "ping": 145}}
{"Server 2": {"id": "71f8a4ce-2d4d-4c2e-a372-2c0f1541a345", "maxPlayers": 12, "playing": 12, "playerTokens": ["305E382E1DDC420C27401A3E1F5F5C11", "429A2C345A956AD48302BF9B8E4876F4", "5E18E0D91788F46C89931C62976DF823", "EE6928A0AEC446A42FE697D2F8F16565", "14228F8739B4B1801457F79E44A91899", "03FF5CD76180DA2EF94FEEF60DE62512", "43F8925FE0D8381E47A7AC968B9219AF", "6A35ED723FB39F6094779722A0A7BE4E", "4F3865D16DCCAEEFA42355BD21B74EB3", "50D770A58F1FBC0AEC93F78F4596D70A", "1DE72D6BAADA7A9BAE7D4A3910CE2B1A", "65C440B267C2BA432937FD4E9518FE7B"], "players": [], "fps": 59.211353, "ping": 42}}
{"Server 3": {"id": "ed971531-4857-4430-b6b7-4a36fd939d63", "maxPlayers": 12, "playing": 12, "playerTokens": ["B910A4E840D525BB2D7073B86D13224E", "02789874AE5D6E5A6CB86FF82A61A472", "72FFCE4077DF54728920EF087A4CD313", "11A8AA21E24476A539D0B94A5624D79E", "4DFAC2E18DB82E8C94444F6B15C8D665", "54781863665F682D0EFA1127C35FADAA", "9F79805F33A29330069463D9CD11153A", "79C41E0688651892E9965CF71D17BC27", "C01827423E3581C461706B441093469E", "71368CB4F0A7BA5B63538C26925A65B9", "B5AE7524D4378214B2E61ED9F391F4F9", "B77C97499DE1B79C642B0109AE147A78"], "players": [], "fps": 59.991524, "ping": 52}}
{"Server 4": {"id": "65a9cd11-9561-466b-b8b8-76bb39e66759", "maxPlayers": 12, "playing": 12, "playerTokens": ["C43DE43EC1645D3DF5510A029592270E", "1CBD5A6DF1E95525C7646383DDD68BF0", "0C18DF966E469B523A919A263A580FEA", "FB440D1F9ED0FE49A10501B9DA1A65D0", "76CFFB306770A25ABF955694DC4DA7E8", "61B8763C67C077F1276DFF4614EBA953", "97115083CB32582EA8C6BBA48DC40134", "FD2B8D4815006B27F53D5B432BC8F001", "47290A400DE5717DB4A5D99320C9E4CB", "CB9BCFD4ABC0BD250B77E0FA82C0F9FA", "80CA553015B87B6B11E83F791D6298C1", "D3DE70C20238A10D5055A5672DB3A51E"], "players": [], "fps": 59.92318, "ping": 63}}
{"Server 5": {"id": "3ed9a1c5-8f9d-4146-9479-19d092479ce5", "maxPlayers": 12, "playing": 12, "playerTokens": ["D1FA72C94BC7E9A94A323C989BF45744", "059BF6709BE61330E8B3145252398D21", "5009F760B2636F3A8D0FAF4A6595E1F0", "B70534F11193DA109F23E9B08FB0CB2E", "460B6683928632E969B47480E79A722B", "CCFEDA8FC1A85002CD796BF3C573DB82", "4889EA2E399FBCC8917844E601E80271", "70CFB8A3EC0FEF0D3D54B7230E4C996F", "1898D4DCBB3A5371B87EC845DF18D928", "C533B48CD892C227C728B7580A3DE04C", "B55A3F7E5698F26E698CD71437C5FABD", "3C09D0B6CFAAB0570ED3EFE196B67D19"], "players": [], "fps": 59.934711, "ping": 58}}
{"Server 6": {"id": "9cec3bfa-b67e-41a4-95be-e50d8905980f", "maxPlayers": 12, "playing": 12, "playerTokens": ["9FD95DA02C2AE630FD53DDA8774921F7", "10773A67D3FEAD44D5BE7D2B06B3AFA0", "9C3D93DCAB644B0D691C5C029E1E81FB", "D8DD790D04C0AFB70FE225E59CF43BB0", "C4D09397EF0A10B9CD70D1B6A3131124", "47C5F056D1F075D7DC70B009703DBADD", "A3F14612493BEACCDECF85F0ACE5FEA9", "9A372F4CF3802B33CC0EA50270BD180F", "00BD4AA2E7BAA8AED59EE31C2F4039E3", "8CFA46CD4FEAE9725AA3593D26217817", "0631C7BA2D224169752C9CF66CDA5759", "51CBB20DB5065B4155DB869538D4B5FC"], "players": [], "fps": 59.974163, "ping": 119}}
{"Server 7": {"id": "b55e6460-30e9-49a7-82eb-dac81771bffa", "maxPlayers": 12, "playing": 12, "playerTokens": ["7FD7E9474394B3CCE8A7C4AE41F48C2D", "03F90C76FD2D94E07D416AB81B88701D", "E9AC5042DE066A5A0B2F231E0B14459E", "C0D8D9C3C945E9C357AD07186B2E90CB", "0CE1AD5A1A49315C097CB694F0FC1E2B", "7BA2390F252CF992F8C2B4DE5487CCFD", "25DB81524FEC8FB79B74165045D935F7", "C7C75F1CC35ECBF73D4BBB8CB74FD2F8", "EC2C9B70D5E505DDEA9493F309F52395", "76796A67F38DB3C9457393C09253530F", "4CDFE03BE9E0904A9800B57D69E36E46", "66BD6B3F129DB80117CE15FBFA976A12"], "players": [], "fps": 60.138279, "ping": 66}}
{"Server 8": {"id": "bb4903d7-5edd-4845-8cbe-91c78dfef5fb", "maxPlayers": 12, "playing": 12, "playerTokens": ["68B28E7117C05DB583CFC5ECF11AC4E9", "AD42E2465018AA32770EFD2B028090A3", "9378EB92D594BCBBCEA5B985402105B5", "A293ADE13C514E6F43C6A6CE25403236", "8A5D9790B42BABE9D5F44FA0E1C4017B", "13F48B76546055C8ACAA77E0D7BA8AAF", "64546B2E8D8E4F6F7898B5C93542BB58", "A7B40A71A649BE63507DF08A48C11286", "87E8B4B1ADF3B97CD53E04CC5E03F86E", "857B9C77B0ED14D0EAFC614A3361B4AF", "8E124CC25E98BB6CE83BC390246D88A2", "5B23655CA4668B5ED8913210BDB54B51"], "players": [], "fps": 46.67889, "ping": 74}}
{"Server 9": {"id": "c322ac92-b2b3-4def-8e5c-5ea866662668", "maxPlayers": 12, "playing": 12, "playerTokens": ["5EE8FBB5FD67B103E2787DBC0DD8E4D4", "C50D480BC13C66723A7CAB09A4BF942B", "C44832B9F1A5583E7373D3ECD52D5F38", "EF09F4072AE271CFF4B7BF20C4E75456", "E7F659480D36D3FB218074D6A163BD4C", "3117230A2C094AEBB5BD2F2988BD37B2", "D95B36A42C447AFFBAC67E5F7EFCF153", "68C524C3B9E2CAFE53B1DE5426974F9B", "15AB61853E5DD174A86DA32DD376F3CF", "6D9FF4945083064C3A685F80504BBDDB", "55BD1E996D5A13EEA8D8F1C6AFD93F03", "A5CC9ED4404AC90AA9D295C35D7E9869"], "players": [], "fps": 54.97208, "ping": 121}}
{"Server 10": {"id": "b30d2b75-207a-415d-ac86-1e3c39308675", "maxPlayers": 12, "playing": 12, "playerTokens": ["B16B82C93274DA9B50D6EEAC179F5EA8", "00BCCF888C3B7DC5CF487FCC1F297C10", "97FD52B1DAD6C4B924EA8D2E44171C91", "43722A869F5278C3BEC67FAB4BC6DEF2", "7FEDB38896207E566811B245DC836A6A", "3A9EBA9D7BBE256B935341DBBF090171", "5E1295C6C67467869B38CD3900F41450", "7D51C1A525E363751F4575921C19BE9D", "024280B5BCFAA6C46FD0EE9D3C8193AB", "AE69C5DAB94E9022DDE05B784C1C4E37", "04DD5A28CEB60C17EB903BECED7B53A4", "42AEFC65002A2CC753252E1A1A3840C7"], "players": [], "fps": 39.277882, "ping": 69}}
