{"Server 1": {"id": "3a2adb59-8021-4f6b-ae15-2daa70e406c2", "maxPlayers": 12, "playing": 12, "playerTokens": ["4F41C0CFBCB97C8CE0B40E2F3E2F8793", "9F6B13AE57A0B113BBD819E26F4544E3", "84FE0ECE48F313E913253048625C3D33", "CD063B4CBDBE3E2E8C238CCDF5118C4B", "8AB30CE78A611BCF030E57C8382D8E17", "53A9699620B2B4CEB776D932BCB3DAEE", "7D89B649FEFC90D9D43AAD0A1F40454C", "F0CB349D9161A86934E1B44078EF2B81", "976D2F6A6231AF98D7CA1046EA774BC6", "9610749A50B01C60F3BDDDEF82961E7F", "05E23DAD4D71CDEB1FD0B14A8997B808", "3299538EC7D9494D0A74AFA242F03223"], "players": [], "fps": 59.989964, "ping": 189}}
{"Server 2": {"id": "9fafa654-effb-418c-8b45-01230249e206", "maxPlayers": 12, "playing": 12, "playerTokens": ["C1EB6779B23540E515AE4C012F887A1A", "02C7B9C233518F5D11CABF732431D140", "D9E42A71F05960FE7F8E2F035921AF11", "B03469644D3B484E421CC946CA6993E9", "5CED1CDE319FD0B1DC88EA02D3F8410C", "802B7D20B4BA634D772F401BB3468802", "DD80CA821D1973C93FB109075DB90338", "E69EB7BF8385B4C2635A690433431D50", "FEAD6424933FC4B94119EFD65DCD630F", "E589EFD741410EC9E54803B3C0655B89", "D28F1870A459EDACAD211B876441BD54", "FA7394B2178ACD7EFB5637B5785B4AF0"], "players": [], "fps": 59.958397, "ping": 55}}
{"Server 3": {"id": "db702515-66e8-4e5e-ba19-6470e7308131", "maxPlayers": 12, "playing": 12, "playerTokens": ["2D9590367727BB4B27F2987D71C0C714", "163BAE7965BF9A82BFB873512DFEEBD1", "C61D799132F689B3A93D1891FC0535C1", "1F9B0E6A4A022E91F1E438520D917BDC", "C21CEBB0734CD1EEEC2C90C877E01DEA", "271A156364BDD985E4F216AA5F3AFDB0", "9D51301700C3CACFE2BC282075BD92C1", "F3C1181AEEBD340186A6B7400F68F212", "675DB228905797432BAC28D053777E9C", "7AAADBA15F09CE22FCD3CACE1911AF6F", "261DFDDB4C63BC78CA2D9C20CE175B15", "52C674D6AD8724418A1AA64229DC95D8"], "players": [], "fps": 59.956795, "ping": 28}}
{"Server 4": {"id": "d8292dbc-95a4-493c-a0ee-46ddb96f0d1d", "maxPlayers": 12, "playing": 12, "playerTokens": ["6F1B5DCB7895E2761D915A526E75DBB4", "DFC9E3564D8C6CDAF09973BDC704436F", "92441441A35270ECB3F1A812EFB9E2E8", "66B501A5BBEF8D6F91A7EF5C294A24B2", "8B44DDC8CAF4D31E5FF7684473999F8A", "318684512E81495C580016B16874220B", "82F3A2052FD0C40B1432EF5A9452E120", "05D7C8C4EFAEAEC64AC808EA6709EB56", "E6D75A9A40D7E2518A598757E2179D64", "122BD2BCD871DA90394F8EE0BAE39101", "BC8A3D71CCF9AF39CB6C4DB46AC8A6A6", "D1D013F1F41E074D54FA6311F51E61F6"], "players": [], "fps": 44.817471, "ping": 85}}
{"Server 5": {"id": "c2d0ed7c-5397-4fea-84a6-8d9e9147cd83", "maxPlayers": 12, "playing": 12, "playerTokens": ["9FAE9A7B1D8C9A0D8647738BEB79791F", "E325BADCA757C2DEAC14CF9B3AC57921", "80CD1282EB1C74F0FCC8E4B82586E0F5", "9402E1938DAFDF5908CC0427206A4A46", "D6E7184AE5C6AEC85E652D0C214D1E7F", "7700D9C105A71B61B7A6134ACE87AE7C", "ADB6D4C58C35E30E4B4333F4AB093550", "CA36847E97A1A83F2B8EF06426318C1D", "2D5E19DA2CB2CCB48B6896CDC34B3DE9", "D67CC938E59A786D0C993703916B288E", "A41FF4859D4D68B240B9AC35C150C38D", "856EEB97DC1D6B54B70E385401CF34C8"], "players": [], "fps": 42.569679, "ping": 86}}
{"Server 6": {"id": "8bc0a70e-2510-431e-8f69-fb84cd2708e4", "maxPlayers": 12, "playing": 12, "playerTokens": ["75AB368FFF134B6E88ED829766E2471B", "35F3B870C1611F175D15A4C4D312E8BA", "ED2BB7F40E735C2AED3A3473957C51A2", "0740C0EAB9BE5649DF1E7D4B3C10C3DD", "2834F69BA264DAB82E432358010DBE60", "25EFAFA698519E603422C4DC1663A276", "7A0DFEBAF5FDA8FD6A44A568D3BB9F0B", "CEEB093F20AF13A20B4434FA3B65B112", "7D73495B610B18D698E091DDF233F411", "877AB300CDCB92BB8937467FA0AB0356", "211692D350D4A266CB97C5EDC9A2740B", "6B7B93D09D1B580FE36ABB32F79C9CF4"], "players": [], "fps": 59.977299, "ping": 57}}
{"Server 7": {"id": "238cbd42-8b5f-4854-9efb-4d26e219d775", "maxPlayers": 12, "playing": 12, "playerTokens": ["664E17B9C073DEA0795A8F8BD6FB6166", "86341AFF19155D01FB48446854D9795A", "D0904E3F666CBA92B00237111A757537", "7DAC4D78F932A0EDF5E90DA4F5528B08", "031859938BB93EB42803FAAC0EF3F16B", "5F2741A3F7C71BACF52F7957938EF33B", "CBBD6A25BF4D2242E31CE31C8C3FE9AC", "DFED6076EE5AABFDA24126C6D270ECE5", "42B238A470F71E9C7F5C49B4A5AE3FB3", "067C782D8D91E6E7532E1835FAEB439B", "1E5DC8ACE666405C7113E9D0427B5406", "EF7B96C0A6864D11A61D6F28A8293EF9"], "players": [], "fps": 59.969654, "ping": 161}}
{"Server 8": {"id": "404b190b-19fb-48d3-9d2e-7bc1f5138c96", "maxPlayers": 12, "playing": 12, "playerTokens": ["17106FB6F79ECF46F69ECFFCBB52784F", "8832C34C07258478A0260C2D18C2D3FE", "91561C8E1C85237CE90E6EC2AA5AB83A", "7BCBD6E4F548B0BE89CDB10DEEFACF80", "ADCBF69999112BA4608B88BD46B7BF90", "E7A9B0334496C0912EBD0E3C869AD066", "C9351E717697EC11F98B559AD1C7BC28", "A85CB4341961DE1A1E1FF0051DFAC495", "EF7223633F7A918F106AF4DDD97B85F6", "04CCDF51AD08B76CD5A9A06BA15C66F2", "2084EFC610A4E9AFBD7011FA2AFD34DF", "525CF619F391AE4DBB5583860F70F80B"], "players": [], "fps": 59.93161, "ping": 68}}
{"Server 9": {"id": "096354cc-7cb5-4a87-b2a7-08422cf5b3ae", "maxPlayers": 12, "playing": 12, "playerTokens": ["608531CE120B0C9D4C7C3C710C23A50B", "D10B99124AEE7306EEB63AEFDBCF16A8", "37A7C75E2EB0823AE983AFEA49E70D99", "77A8D5DC585D2DD9E206EADC183E7895", "11FA5CF252BCFF6EDAE1F80B24E85057", "B5B5B2E57E1AB0542DEE36462242CCFE", "5B02C519C00232835E773878D607EEDC", "8BCC8493A21456EDCC19C31488C986FB", "00E4D71BE9F394D6EF96028701B64D93", "2A4CD71F33EC4B8EAEE84AA9F3ECD73E", "4CC6731A65EB2B59DEB9F908BB86B019", "0342A818311E6CDA3BD7018B0888170B"], "players": [], "fps": 59.973988, "ping": 82}}
{"Server 10": {"id": "02a33a04-a5ff-4b6b-be30-c7c112fead06", "maxPlayers": 12, "playing": 12, "playerTokens": ["0FE4D779390455CFA6B17637D7EBB248", "411E887CCF309C65FE098556D42DE2D8", "59C40FF873DF2E19774C01D45A88CD1A", "76D1437A0877EBA2A786A818E9A7A738", "3A3A270DF5EF3BE19DD6B39BD247C74D", "F93963E72FE724D5D8BD16D98B8FE5D1", "14A83CE2D9796E5437211D5E60FF45A2", "B5FFB22A566D5AADA7F4026B860E3492", "043DBDC8E72E599D0AC0C37641442CAD", "EC4E74742D6863049DA7CB71EF2D22EB", "0A61AD8BF90D694204084492783C98BC", "56A7C8DDAD8CD7ECAC7AEB3B7BBDA406"], "players": [], "fps": 59.948036, "ping": 70}}
