{"Server 1": {"id": "ad8e6f02-6f50-4046-a587-6467585cff87", "maxPlayers": 12, "playing": 12, "playerTokens": ["AEC8277D86927D27F6F9BAC95233207F", "521D249EA6E867B2369FD60382385BDA", "A0997E796670681A4515A8092DE34603", "98898DACC79BBB962152D8866F6F94FB", "FD99B703551B75BB27F9C6E43C58FC9D", "3920BE677ED0A183E6624D4705C16D59", "DE0E8353170E17C77065018DE9EC7CD5", "59B12DD59946A1B1468D4ADE67F46166", "439596EAA961BA836916FD38092930CD", "D0AA1DABD1F4F0BAAA8AD3583AD59DB4", "742940EE4B8D056916E547D9F9024050", "EA70BECC7637137C5390C0F893863F1D"], "players": [], "fps": 59.961098, "ping": 85}}
{"Server 2": {"id": "027f05bb-3363-4b54-9f62-c770a5dec963", "maxPlayers": 12, "playing": 12, "playerTokens": ["DC4E182DB967493F07153BAE0086FBAF", "4182499EA0120505DCE15D83B90F1AC1", "D14ABC9E89C21805F1AC848E6388B378", "6CB447B13F753F36DE77EF5029823C5C", "508B23C53B3241A82125A650106DD428", "D38D27B73C8E89ADF9548A9C5FA82C44", "43E18C76BCF31F961DF88597B1C0E4AF", "0DF2D39281483FB89064A802706BF054", "AA926E23FE9ED6D75166DD19C6D6335D", "83D0BD06EC990C561A11C8FDDFB5FCA3", "C632569F794C2B96759FE9639CB0E54D", "778D78B39C269C7C058CA0286AE28EA9"], "players": [], "fps": 59.978462, "ping": 28}}
{"Server 3": {"id": "e4fc8fa9-ba2b-466b-8fc7-f0335f25cfc9", "maxPlayers": 12, "playing": 12, "playerTokens": ["AB4F1723F77261A48C755AC6B9303B8A", "10A5F06AEFDFA98214FF45FB5244C507", "292DE8D313410212CA712C75F843C850", "DD59D5B1BF44D8E0F7BE47A3C1FFA5D9", "0C028E22C832FBA36058A604307BA190", "664B8BF64279DAC70FB6E141CEC8115C", "0B0977D480CADF7C713984B4F6F5D8DE", "01F977885CE139AFD249713715A09E67", "9785EDD7A4F3E0854B6E5AB85D5D0B69", "75F390B88360DEF6E1598A6B9DDFDC28", "7EA630549878CE11E4D97CF72D815BDA", "03750F9E648C13BD55655A906A535830"], "players": [], "fps": 57.703476, "ping": 57}}
{"Server 4": {"id": "1480433f-945e-47d0-a379-b10cfb6209af", "maxPlayers": 12, "playing": 12, "playerTokens": ["9138A58263B533254F73F2FBC3DFBDD9", "61EC2B6EA93900B2275AFA1EC0CF5406", "97A1A4B3B190152D568C68D6F44F4CDD", "6194BEF871BC075C499757CFA14D5862", "4195571F31EB7D0BCC453E6A0C0C26CC", "A6ACEE915130A5653496EC4F6211E9CA", "6E26B9EE3D930566C6865E4B27A9DB32", "99A5D455F845D1DEA2B7C43A68FB1A91", "7B5CB46FE40BF4F14DAE2027DCEC66B5", "070C2D17E16FF89E5977D1CD00049CCA", "9259880D7A710840AD94AA38F8537393", "AFC9A56692C2FDEDB9F47D1F6F0D8DD5"], "players": [], "fps": 59.951717, "ping": 73}}
{"Server 5": {"id": "5a05fc6d-4d34-4cc6-afa6-1ba0569a59af", "maxPlayers": 12, "playing": 12, "playerTokens": ["EAC2421D5076C9E0831915BBF17E363A", "80CEF3CEAFD999E238609EDA90A81279", "51DCAB0E96CBF46E78D96F0C9640AD03", "EC0B85FCAE3424BA2A5C1C3666E72AF8", "4B82E13DC04FBA480EA6812111FF948C", "8714405448F02813DC21E65162BAAF57", "3C451C410CE3B8FD2EE95CC14505044C", "DC5047D978D0D3308EF5620FA9725DB8", "8DF5D16EF802CD84EFF1130E83655126", "B1F0A4E289A5985586A6F570516DA38C", "B436C9B95D0F46717DC3D1C4161B2EBB", "10BFF1C97FA01F6CA0BDE6B29B9FCAFE"], "players": [], "fps": 59.91777, "ping": 68}}
{"Server 6": {"id": "2720fee9-56a6-42e8-8eaf-ae69afd93c5e", "maxPlayers": 12, "playing": 12, "playerTokens": ["D458E7F477DF0D34CE2A3CF5ECD8BEEC", "427E0D2348F3A4C62114512BA458FC2B", "D2A0EBCCAB82A2E1BEA2BB180BC0F489", "C0411B9A7B522C3702E417466C43FA31", "8D912475AD9BFD971735BCB8D1FABDAA", "AB9F48EBFE1134D5DC5BDFC0E24B9C81", "12D7F962520009CDA9A6ABA464DDEF80", "E76AAE7BAA237DC108C9881BC8893DCD", "EA1616F074DECA8D72F53DF3DBC5522A", "7876C46AE7A673DF48AA8904676170E6", "5C11ED4100A291C127737B06E9D2EDD2", "64406BDBF5B5339FE135EA2C95D90EDF"], "players": [], "fps": 59.972775, "ping": 80}}
{"Server 7": {"id": "b55e6460-30e9-49a7-82eb-dac81771bffa", "maxPlayers": 12, "playing": 12, "playerTokens": ["7FD7E9474394B3CCE8A7C4AE41F48C2D", "03F90C76FD2D94E07D416AB81B88701D", "E9AC5042DE066A5A0B2F231E0B14459E", "C0D8D9C3C945E9C357AD07186B2E90CB", "0CE1AD5A1A49315C097CB694F0FC1E2B", "7BA2390F252CF992F8C2B4DE5487CCFD", "25DB81524FEC8FB79B74165045D935F7", "C7C75F1CC35ECBF73D4BBB8CB74FD2F8", "EC2C9B70D5E505DDEA9493F309F52395", "76796A67F38DB3C9457393C09253530F", "4CDFE03BE9E0904A9800B57D69E36E46", "66BD6B3F129DB80117CE15FBFA976A12"], "players": [], "fps": 59.979965, "ping": 65}}
{"Server 8": {"id": "8ba7c186-c7c3-4969-a0b5-5e37697f8b65", "maxPlayers": 12, "playing": 12, "playerTokens": ["4A532FF9B64C138D666E76E85D997AF2", "3B734A49A5C35C674581D60B5E028DAA", "09B5EDA354BFDDD109AFACE1D6A5DA1A", "D856987853A5C8F2F23B62BB7EE300E6", "B9DE446EA7963344EAA4B84A25FEAF84", "BF29200B4CEC90B1A8AE145CF97D1195", "9C005B59B7335213CD5F9ED6867683C4", "E074CACCCE2F68DB685E82CEFD9AF0DC", "DC2FAE0B305FF3A1A583E97299F36562", "EC0F83202EF7C597A9230F55B86E5C2A", "0DC22A6766DB258374F761815D089E2C", "B390EC647A5EEFE7A4AD362BF225C629"], "players": [], "fps": 60.077656, "ping": 57}}
{"Server 9": {"id": "e0ceec26-4eec-4f57-8a42-c565648ad858", "maxPlayers": 12, "playing": 12, "playerTokens": ["2A48663885B9E8FFC78ABEE5487DD657", "3C9016BA0461DD7FE128DC43649EFBA3", "1A8552E9793EEDBAF22301E372120E3D", "BD87B180938B8D7899544BF44B0F1B49", "05A2E152E49AD5A3CB5FB2B34BC9D494", "C0B636F59DE82B82B53264119F222400", "818B9EA08F5509AD46DD79435439805E", "5BF81DA6687A4588C6B59C67B374B22C", "72D41D2A9C7840FF49EFAC395C7637DF", "EFEDFC8C37ACCBECE06F03F6533CC5D5", "B57852D5CBEA6170EF7B0128799389B9", "DFC6D495EF95C52F1919C1E4F30CDF14"], "players": [], "fps": 59.982346, "ping": 41}}
{"Server 10": {"id": "aa8b6606-6bc2-45e4-ace0-51015c95d1fc", "maxPlayers": 12, "playing": 12, "playerTokens": ["B398544A3A99542DA0024DCC2914BC40", "0A8E0E37402A880844E5B01976BF2DD2", "A8EAA9D8A6DD9A0EAE18FC2027C37A52", "C150D1E54445AF6A6573EEFDF259B616", "C2C0B65DB7DC9D0EF214762724566A21", "F7B9E71947D9292643EFFE63E1176001", "23F7221173E78D77344E19089DFE1050", "03B8E65BC5E14EF0ECB0727B4D2A31FE", "0100CEFD43C9346DAD02F6FD7AF4F4C9", "BA956AE8D5825E581DDEA670096DA464", "9D057844356E2436705322EEB6017E69", "605944D1577127F37A81070E55617147"], "players": [], "fps": 59.984238, "ping": 62}}
