{"Server 1": {"id": "064ed11d-2d48-49db-abde-6f5f09996eaa", "maxPlayers": 12, "playing": 12, "playerTokens": ["1C1FC74CC55AB6E7D1387F088B9B4EAF", "566BD9946B42D28E57FEA5E191841931", "89A26511342BD6049347D0CF44C50B4A", "CEEC8BC805F651B1F2C467269F9338E3", "BADB495A1CF154C848A0296E5144BC94", "E397FE8D1031BE2AB23D34DE1763555C", "C097AFC13FDBEE69075ABB6AF7DDA8EC", "C6C29F5F04E734D77B73DED48A0EE256", "6B6BEC6D0EB7075067BB440538A6262D", "5A5E383B4DADE641945EE6776A2A185F", "D98E2D57F8B2CDA80AE7205FD0637321", "31A7837FE18E0E0688D842C63C89D92F"], "players": [], "fps": 59.98801, "ping": 29}}
{"Server 2": {"id": "e257b737-e94a-4e6e-9984-1f8ed2ba6af2", "maxPlayers": 12, "playing": 12, "playerTokens": ["557963F3576586A32337520499720691", "1AEBB49737224A671E3E0265DAB85084", "11EB3A77A78B11B55CE86A17B86EBA09", "D2706D4CA8EF9B52019E2C82748FFA78", "5D2DABA8697F54C59463E71CA265A396", "388E1530D46EC61B9C725C702E664E48", "DE1610FFA36C737D11B8B14D71D2CDD8", "F1ED98B32E4487A77AC85EF33AF087AC", "5EE897FBA2A7DD48DFA630FBF3276280", "9DFE1E2695C26FCE7CC28D8C812A1692", "C885F9C50850289B9A6860F56C603D3B", "540370D50F0DFFFF0EB8D0F949966885"], "players": [], "fps": 59.962673, "ping": 151}}
{"Server 3": {"id": "66f919cd-30a5-4e41-9178-257f7052491e", "maxPlayers": 12, "playing": 12, "playerTokens": ["85E1DE097DCAA8A35898F950A1D57325", "61DFE03015373993180FAAF46D422E93", "61DE217FAAF2DE6552A2F176CDA487D8", "EA5732BFAFDD51F342702376BB7258FF", "8F2572484C82D7E55D537525BCD0AB28", "EB6F1486447E395919FDE20DCC59C0C3", "54757F5F6C4DB1B07E8D12D2891CAA96", "F511EB9F275991BE4041A2DD9E6BDB96", "C4258F7D5474C97395B05416680A408D", "9E0760E57D686520D7718C7F78F9A296", "0A15F164FA32C559C3F316B4A0CFE236", "3B5D69B308C9C7EED22E6B16EDBE3C74"], "players": [], "fps": 59.999779, "ping": 71}}
{"Server 4": {"id": "e5a4b3c7-a781-48e9-8dec-2437c81fee26", "maxPlayers": 12, "playing": 12, "playerTokens": ["A81C00B6A51E5F383B38A9B8EFD4ADF7", "595A4EAB27A6C4B5C6078722747BF0BC", "DD928D5956633BDE72EC0FFDF8543905", "A8AF5B434FDE606B7664AE9BD890A2C0", "C75C90477410F9F202EF6755F1AF048C", "6737B93FFAF836C61F0CFC66C19B6678", "BD3514D8E832F16CCAC8C14729F3B225", "27DB1E8E673F9B23F82F108F880F7359", "77C46A8669DF6767EB5D3400277A8D4C", "73CB5D05017CD3CE00A1CD5280032FD6", "78ACF132498797D681CFB74D7C792C33", "20FBE9B5D9C5A87B6BACEA266F673F4B"], "players": [], "fps": 59.473488, "ping": 72}}
{"Server 5": {"id": "ec4276b3-d960-4af3-987b-34149dc15cb6", "maxPlayers": 12, "playing": 12, "playerTokens": ["B7B24E1A12C1D7FEC040AEE6B4C406C5", "E552515269CC5547DB0BE1AD356390F3", "02B304DF16476F2D86DC088E73C281BE", "862D845C75B60BF4845BD1A9E3CF09E2", "206BFC5CB93C5485E59D623E18ECBE38", "F998F1E46370EC3673A320D69FBADDCA", "5BE776BCBDEE7150FE902308D781761E", "5EF389C6E26555D21F73137680B2A0E4", "C286DBBB4D44E0CFCC97A28D82CE26F0", "865A069F9DE1296B3BE7C6E2BA828C12", "345AAF24E71C0D79A9F15ADC7BFCEBF8", "7E19F6B932946CE49472A7EC75FF7D89"], "players": [], "fps": 60.018738, "ping": 81}}
{"Server 6": {"id": "2c70824f-569b-433d-a407-9ee77cea83dc", "maxPlayers": 12, "playing": 12, "playerTokens": ["CC0EDF64FA91C684BA5052232A3F9978", "2B455361E11C704633C270923846BD1D", "368124979E855C9AB6E6ABDBE14E3CC8", "739280C300418C8A393D91C3E5590949", "693EF26AF16553C627089AB7651BD3B0", "4ADBB43CAF64B3EE7A4A5E057D0DFD9C", "CD85B290A494F3B6BE234E1810F19960", "03C48DFE63D09C33CDAE4142F7105B35", "13BA8706674576EBE7DED97C5500955D", "A46B298D7F8721BB8C30BC2271CF4A39", "BFD6E1DED5EAD4F31382ACC24C4F7BCE", "47CE6E2CA593EC0596864236BBCC28F4"], "players": [], "fps": 60.195137, "ping": 55}}
{"Server 7": {"id": "dc8a0336-14b1-480e-9bcb-3d81b7580bc1", "maxPlayers": 12, "playing": 12, "playerTokens": ["1A34D1930A363B50B3EB1964F75C4A39", "46F9B4AC1EB71DAEEBAB74B9711735CE", "45183E614D34CB94FE59EED36C1E2F20", "2E0AAF4175C6258542DA4241C5362039", "B818075D3AC9306BCDFA21F393FAE9C1", "472685F5035F526449758ADFFBF34E4C", "668B3D14F5263BFB40334B3618A366C6", "BB8AEC46A1DD9C210369BD7B16CB6F8C", "70FB835243A52E760AA2FE8299348728", "DDA6DA786C6C5A598E944A814F141936", "8EBDF58A2EFBBDC194F5268658293538", "C1786A4BC0D964BF0E1A6F1CDC67ADAA"], "players": [], "fps": 60.041508, "ping": 126}}
{"Server 8": {"id": "cfb49548-f6a0-4d0c-af17-19a2b7818c04", "maxPlayers": 12, "playing": 12, "playerTokens": ["45FA47A87162E4335A8E34C2594D2A40", "8C15B7CE18D146317FD0FA146A6A92C6", "EED5540B1E918EF0A0907963BC36998D", "636F346563465744143EA4A11E403F31", "83FF956A20F211322C58C694E12852E6", "92F5497FC70600B9ECA057A0109390D1", "C765EB6647826507660A61E392D880BD", "84F52A799D84E751EC3FDD1C2E16CED7", "70AAC4D8DDD6593AD24F5530347A0182", "F3C7383CE2A4FEE2ADC08413B9484B0A", "77AF55BDBF5053DD18A6A2DB536E364E", "E58C2EB38C37C9C1C56B143D28A935FE"], "players": [], "fps": 59.211578, "ping": 48}}
{"Server 9": {"id": "43585d91-2352-4df1-be77-f5c46c88fc3f", "maxPlayers": 12, "playing": 12, "playerTokens": ["165B187826CEA80D706A0350F0F164DF", "4A3C97F2F5FC2AE36D70F6F8405E35D7", "354C7DF65B1A11A97ACFBA04D8CB7EE5", "F77A79295BF29236AB64DAC7DF799A97", "FE672DB673A030A8E18F74B1B86DFC51", "E0DF102CE8537E334DAD23067A4849C2", "31F4BAEFE59ED00E2A3F6872AE3E7B85", "7EC1CF41A873586C33429CEB355CC480", "7607DF3219FB4DA21B187F68854CE6A6", "E48F96BC6F307A433DDC3C15B60606AC", "C383DF33B210BF914809F2F9AF1AA8C0", "927E5585D485690016C96354E245B51C"], "players": [], "fps": 59.953617, "ping": 53}}
{"Server 10": {"id": "1962721b-0e28-4ddd-a34e-afe58d3f2f7b", "maxPlayers": 12, "playing": 12, "playerTokens": ["923823DC56BCA59CCE74C5C1956B0CD5", "60118A18D6450C76A59F4E5787EBCFB9", "8908A27D61ACEDCC9D06FC8E9C4F3270", "65C0EACCDC123229A743A13C09732CBF", "C62F2DFB8A4778DCE6839A755C3AD2FF", "4C169FB664E6D48137B984B64AAC4446", "8042CED67DFB9C4A443C865BB419892A", "A539108F52319BDE5FC9274D155D00D2", "2478715B12837C75FBCCEEDB56866058", "3BCF4095B5EF306EFA28A530C1D034CE", "6F9827B2BC3A2D6A70137720EE90F0D1", "4411BD8F02F2755A691E3CE8A93F811C"], "players": [], "fps": 60.023918, "ping": 50}}
