{"Server 1": {"id": "60fd9826-5281-4b86-b1d5-25fba4aaf2c7", "maxPlayers": 12, "playing": 12, "playerTokens": ["CE99F0EC196654808DB3DDE72B43B172", "7DC9352F7D19659E8021E4E06F5DBBFC", "5DBB41BA273984ECEE24020B216F3828", "8A0805C6D9DCFD9AE1457C15AB42EDE1", "326994889C4C920A6B85FEB83B52A5E7", "C02AF458B57B0C7035E18675C149A064", "B77BCFC4EF6D17A83080D375AEA63D13", "3F898E71840D77350D883A0E12E07CD0", "029FFDEBD09C1E25D9337D60782D6ED6", "3C173FB728AFEA9A26A2622DD094D9DE", "7E0881292AE9219FEECDE045A318AFDA", "B22218D0EFBAC6CF9D734D71F1357FF3"], "players": [], "fps": 58.192028, "ping": 84}}
{"Server 2": {"id": "1af70a24-2a9a-4051-a4d2-6b9e35f39a60", "maxPlayers": 12, "playing": 12, "playerTokens": ["F3CC2932D7AD23D89B7BB85CA6220B36", "AF1BA52B6CD3D1C87DA42C796977A9B5", "1EC8788BAA1DF134AF1CCD416F74F651", "F2ED375788A8FE15FAF391A8E4B799BE", "725A707E3466584D9AF32C7C073FE750", "9F986D85906AC7879A9B7580D505B959", "FD4313A13349EC1EA07B30C35ADB8EE2", "CAC50ADCD315A38EB89BDDCF09CF4688", "F5E37BA46F51BBBB24F535BC46464DE8", "89914A74F569ABBCFCEA7BFB35A49628", "3093C4022330853557E798AEBD39D693", "5159C0E3AD30CA49B21887E71F4EE61C"], "players": [], "fps": 57.254288, "ping": 44}}
{"Server 3": {"id": "cafa104d-8d5e-4e3f-a41c-b514fbcc1345", "maxPlayers": 12, "playing": 12, "playerTokens": ["4709D0B7B752137FA35D971D5A5E5008", "DBD9442F5C6EB3DD62ED59B2955A74CD", "3F5A90601DE3612C2B36B2F03DFA5DEE", "19C59C7A484BC01D1AC33F39219E6E89", "2F97B1493ECF3F1B471594CFD5F5F9D1", "5DC3B63217907999E23A7C3EAED125E4", "A8C615AC268C06354C0CB7892DD5D176", "D3D062377DD5B4F48358E295690497F4", "E3ED8F6853CC998CBA9220EB6C522BF6", "0AEF0214DC986C2359A95A77FE4DFAF4", "F6F88DA716CD88B795DC2413183611D4", "22183E9F149C75B3179D628903448EDA"], "players": [], "fps": 57.746891, "ping": 194}}
{"Server 4": {"id": "ed1abbcf-6d09-411d-8b28-743c2d8a0316", "maxPlayers": 12, "playing": 12, "playerTokens": ["608B6F0CEF734A1025F25E62A9F80E0A", "C10676708DB0157C9ADC34E547CDEE32", "C3430EC199F22A3A16321CB1554A5374", "A28B1D06DC7A011F893609B1776407AF", "EE01CB2D7119F4B36E016787F5263E9A", "6AE3B832FB1616554E600DAB1E8F76E1", "4E210F7B46CEA5DDAFB58052654053B8", "C187136AA936A2DC9B1726D55570DC07", "ABE24C82BF7B50FB5E2783263430DC86", "55E98171EB83D0CE7490D80E923690C7", "0773B6A6A9746D2DA30B0D2CF423760D", "ADB9A16CE111ACF74CDA7FDDD5C8D7B9"], "players": [], "fps": 59.965332, "ping": 47}}
{"Server 5": {"id": "f97005c1-2aa8-46da-9a6b-14214b47a484", "maxPlayers": 12, "playing": 12, "playerTokens": ["D69E8C281559D042C972DBB9F55C6C16", "71AECD84FD0EDC997A97DB08D8E915FE", "404E9E949A6EBD9240ACDAE3D410C380", "1D06F4511252894F38A1FA6D8FC6FC3D", "D721759426B44D76BC0A58A2C38BD284", "33F0D6F59BA381C326F4F7910FB6C334", "06A64E365657B107A9D3DE47D64BC517", "EC8A490394E5AAE858626B4FF45D7B4E", "51699287F8AE73C51870244CFE88818F", "02F95DA4D659F86A11C7DA0E96F4CAA2", "17ADDC215AF8B68F3BFCEF34C74ABFE2", "5F5FB7F16E2D10D6744554FAD5A8F1E2"], "players": [], "fps": 59.949078, "ping": 63}}
{"Server 6": {"id": "f23abec4-e9a2-4a99-aaea-063cdf33177b", "maxPlayers": 12, "playing": 12, "playerTokens": ["9517FB397E87D818410622A9EA017B7F", "DF8C22F8742430E01CB3B3CB1771C5F0", "BC7104BF55F5A6D5DC9CABA081E08C47", "803A0A9429F9A0D6948E5CD73F1536BE", "F3BFFB25A9F1F284680E62BC4BBFBDB8", "75C58DC77AF6E32ECEB4AA855BFFF601", "FA20ED0DEFA2DA479633737A8BAF9F46", "99DE75F5C61F3C9C0AFC428782B87FA9", "78B9842C5A7B4806CA28C1964D63C1C5", "047C45E65CE146D9123338792A89A4DF", "EF8F4C5E502CF62EEF50B60E4C7DFE4E", "D4DF677046A182FD81741FB5858F88A1"], "players": [], "fps": 59.591682, "ping": 42}}
{"Server 7": {"id": "9b050778-d53c-4a84-b68a-90833243b0a4", "maxPlayers": 12, "playing": 12, "playerTokens": ["304948AA24B4DA7FFE99E9A5B13F917A", "07C2931A731E81B0E4FA3711774BFFBC", "3FBE15323595B27F8E1EA5B521742E30", "318E610968DE85DE4EF786393D1FCE01", "4D2258059D0B183D19B42BC6509C57F1", "D40BA57462D8D7EDE5242145B9EA8087", "7C04F0319714FFFBAADA45E343AEF7A8", "07D65F0C2D3A80852C5D583342F72806", "DFB7550A8B1673C337939B5FD6D143C0", "D6659E232567877B14A6E7F32F11C2B1", "D8027F22176B24685963AE709DA3CF91", "61ADA356A42E37689655ABB082A3758E"], "players": [], "fps": 59.979103, "ping": 65}}
{"Server 8": {"id": "92d6efd9-bdde-4dd3-8aba-c3fa6872c1c0", "maxPlayers": 12, "playing": 12, "playerTokens": ["49FF7CD39601E596DD5B9D648AA885E4", "10F0DFBC480B27E9ADF590CC22D3E8E9", "5131D9C3C140CC40F929459BAAE11B76", "4F2D128A2FA767C7A4F26703056F66FC", "818B425ECFBD1DEF8772AFE766072379", "76F010D9D775C7CC31B9750A458880DE", "A9FE75406C809028339C2817AF036348", "457A0C8526B6CF27A317CAAB2507C788", "A10EA8A44F03E651785CE40AF617C6B9", "EB432930D1182FA84D4FB5ECFC4F502E", "103B0CED9799A64D58B84A416222305D", "5A917C8834A09284EB0AA91A7283EA79"], "players": [], "fps": 59.984322, "ping": 98}}
{"Server 9": {"id": "e14885b2-b629-4b2a-a375-3cb457017f2f", "maxPlayers": 12, "playing": 12, "playerTokens": ["DC62D72B7723426E976A31E2AA5D8864", "8B60B784DD4D7DE2606D394D14CE900B", "7F821BF3C1AD32B106B151126ED79095", "A401EC325F0F64B86DE4FF92C38C561D", "33EB225AC5A1F612AA62865F257755A4", "7DD0AE91CEDE67E0F08E281842E4C82F", "2D74B793C257CBF14B1B0D3CF8C08B9C", "5C555066F9AA0FE6FFF103C469E5E7D7", "C88467DF415D67F8F6622D755B52DF2C", "FCB6F4197B43BBF3BCD2ED480085ADC0", "454DDD48BE61D7E1A600DABD06C64F9C", "E669B52088A730C92D28364C62B9851E"], "players": [], "fps": 59.961639, "ping": 57}}
{"Server 10": {"id": "63c49e41-4c15-4322-9412-a421503d7a7e", "maxPlayers": 12, "playing": 12, "playerTokens": ["784117B274CD6FFDAA56867A150D1B78", "2CA12BE5DE35FA86CECF69C48D7235B3", "22EBEDF0934DD4C9DF1AF621AE76E0BB", "BBBFCEBD2F6B4B02E01FEA0A4280880E", "50D3E9F81F71E44237F4E1D374378B3C", "696397BAC8DFA797BF25B315E98F465F", "A21344DDCC9A03BD5BA8A71F12C0EB99", "E8B08BDCB9DBE12739960887775112B9", "A3F858462E68629D8A824A8A412D3EBA", "5ED9F426F3E8CFCD47D75EF2BD4EAF39", "281AB442D29EF999029DAC312E657BC3", "64546B2E8D8E4F6F7898B5C93542BB58"], "players": [], "fps": 59.975296, "ping": 105}}
