{"Server 1": {"id": "d8292dbc-95a4-493c-a0ee-46ddb96f0d1d", "maxPlayers": 12, "playing": 12, "playerTokens": ["6F1B5DCB7895E2761D915A526E75DBB4", "DFC9E3564D8C6CDAF09973BDC704436F", "92441441A35270ECB3F1A812EFB9E2E8", "66B501A5BBEF8D6F91A7EF5C294A24B2", "8B44DDC8CAF4D31E5FF7684473999F8A", "318684512E81495C580016B16874220B", "05D7C8C4EFAEAEC64AC808EA6709EB56", "E6D75A9A40D7E2518A598757E2179D64", "122BD2BCD871DA90394F8EE0BAE39101", "BC8A3D71CCF9AF39CB6C4DB46AC8A6A6", "D1D013F1F41E074D54FA6311F51E61F6", "716A22298B0676C4ECF43621E036DA9D"], "players": [], "fps": 59.877533, "ping": 85}}
{"Server 2": {"id": "251c00b8-90a0-4f5a-92df-c5b938044308", "maxPlayers": 12, "playing": 12, "playerTokens": ["65EC0B59783AB255CE796F8A7FA220B4", "D867CED5A3E25BFA15A7724042C05BCF", "58CBD5717C811DC64EEA516CFA7F2A1E", "E78CE2D435DC4E2EA0F72C490BABC51B", "2F563A8696719E58078A8679BB0272DC", "FC6BE49182ABC98F8A2D5EAE9798C1E8", "2D959397C6D55E4B0C9D8A40B6D205BF", "BBCFF6779DA1528C8C02289BB0E7155F", "1D56C87EB38AD6A5F0476D5535E394E2", "28DC2B47E4D0C399F6CFF8D476B05649", "1065B956F59A90678D70BA5F69281075", "7A0672222DD2076753B6BE3B93683FB5"], "players": [], "fps": 59.986862, "ping": 137}}
{"Server 3": {"id": "15f20640-44b7-4371-87fa-8d3dd31a93c9", "maxPlayers": 12, "playing": 12, "playerTokens": ["70F5E5ED71A081AF2EB9162A51F254D4", "7FBA729528B67E27DB4457B151BC8680", "C68E175F42F9A9484DABC34629C32A7B", "953B2064E568D0A3CD5C11A33FBC8AE0", "AA729CDC3635C928DCCDDD4C6080B095", "7ADC880DD66138F3A8C6277D5B0A8A55", "89D2975399E4AF3BDB7E8C1BBA39B3E2", "1246F0B582FB92E671C91CB5F453A33E", "451A06047E7E623C0BE9710C8C863BC6", "CB12980E1979672CAE2CC22A1B7CE493", "BAAD67CEED225E2CD736ECD64883C5B0", "C9F4ECBC9AA1C4AE7C693565A15680BE"], "players": [], "fps": 43.487301, "ping": 76}}
{"Server 4": {"id": "9d832dd3-b8ac-45a6-9483-ce18631d9455", "maxPlayers": 12, "playing": 12, "playerTokens": ["779F070458BC6F3A3C52E9F144E963AF", "BE6CB92D37D579DCFD1FDC76AACACD5A", "DC3BAF4660817D7314B0F4C242DFCDF8", "2F2301EC678EC8DA2AAD266134C34CD0", "407F433AB2C0B922090EC85AF5603ABB", "3E52FAFDD65993913A08FA0B9FC9914D", "D41E561181DCE1D0F6FA739683DDA06D", "7B93B98E6BE66C579D44DEB2EE697B7B", "26D328A4B0BF076C88A35A538C602E6B", "078F5CFE90784ABA819B182A62549721", "B0E7E9187757591E673CA4C409CD7BD0", "0DD13EBED981E39E8D34F258D4128E77"], "players": [], "fps": 59.983418, "ping": 35}}
{"Server 5": {"id": "34ef6919-6611-47e0-abec-3671e5b6e3d8", "maxPlayers": 12, "playing": 12, "playerTokens": ["AD9008DC769CD8D03C49E1197646BB60", "38DC1701ABE20A65ACF63AB965ACDC5D", "88BD9258EFE35449810121101A33CDA3", "D685051D7D65B807B185937E12F10C0C", "7F4BE9AFF8524B1ADE3E795497B1409B", "BEBAA16626928450E0FD21BDEFEEEF11", "6239BB5A98626EFD6FC6B3F40C7E882F", "B7976ECCF777CC306F6C4064B98396B0", "F0E5ADC93067E7504D3431EEEC552302", "768DAC688B95272F97BA00DB69BC661B", "627995D26C41FD58441C52EB27008265", "BE5273F21DA566156190068AE866222E"], "players": [], "fps": 59.971378, "ping": 56}}
{"Server 6": {"id": "21b80e55-78d8-4bd4-b676-12fc1cedd359", "maxPlayers": 12, "playing": 12, "playerTokens": ["F391C68389448D1CDF452478353BA9BD", "1B9A3C0ADC749C0346261096F80E8B0A", "03F0FFB1C5F1283179E02A61370BD3CB", "FC1768A9CBB42C3B84956E21BB3A72BE", "D801709BB08FE0A68286679330DF66C2", "672A74456473282221229BE4638EDF71", "92404916AB703E1EE8A8BB0A7D622ADB", "AB06CC83016B2C26E342E60ABB260301", "825571C9775B2BC79EF9E245F08F2444", "E4B5D23D6DE98D855EC1FC8F54843638", "3CFF320E4EC3549C8AE5C0CA6A62F15E", "239D610B83EFD7C82CE1A8A283A7AEFA"], "players": [], "fps": 59.958179, "ping": 548}}
{"Server 7": {"id": "2a91c1a6-62ff-4148-8d68-dd177b70fc41", "maxPlayers": 12, "playing": 12, "playerTokens": ["01BF3F5CAB5E2C2C3DD9FE644DB6B5F1", "986E50098D524B1EDB6E6B28671CD500", "31E213CD966E307AF8AE39F77219D3DC", "4B890019818DCB15D152E63F5F63022B", "D66717C4624FC3096D43D3E50EF3BE7D", "648B675843C3B304820B8E8ED2E27DD2", "36B813C85F0A33AD86BC8B6AEBB826E9", "7C7857B14380DF8422E2748182B69A74", "AD582F239841DF2F77BA78853D927737", "ED966C3A56A68A13730E1442F03996AA", "8BD2BA4E4C5956D1F8F0EFF6170D8F02", "9AB61E19436B50E9C8C08FC99710ABC0"], "players": [], "fps": 59.979, "ping": 308}}
{"Server 8": {"id": "9d8f9b09-ff22-4e7b-bf08-eeb8ddabbf2c", "maxPlayers": 12, "playing": 12, "playerTokens": ["561AB54FC90ECC1770B0F2D3B5879BE4", "87CEC0C4C419AD12C0F0E14EE9856877", "72E341E086374966C464980FFDE7202A", "F38E63D8383BE5D8B9B3FF593D6C98DC", "46A20099A8792049E073C7816628112B", "0C26B1F4C5B4FA6311D42947D7C0C05A", "C97651A68C38E6CDD7A1D5B5A33382AC", "2DF99FF90BC2FCD737CF41E753708BD6", "A4E89764CD4A79E5D7E7EA07C42A173E", "7BCD82A94548E575A7E2EB24E155E64C", "EDFCFB52F3274CD2AB3BF64089946507", "6916E12E4DF0914D86FDDEC97EA13D37"], "players": [], "fps": 59.955616, "ping": 32}}
{"Server 9": {"id": "ab22350c-f879-46d9-89f9-4cb3cfd805b7", "maxPlayers": 12, "playing": 12, "playerTokens": ["6D3A6224DCE77B89B9FD61E47229A990", "16091FE58267442924FDD24B97AB150A", "0DBAF846C35ABE5A68C4D03342EEF4ED", "ACB4955C52CA298BA208219F882925F1", "AF74037DE10030D9DA63395DEF3513CC", "7176A8858B3D7C241A56A6D2AB36BB8A", "ECB8216F82776004D8C43901170A717E", "D2E32DD5FDE9C247FE8013EDE7067A17", "F1B09146690167410B6DFEAFAA091C6A", "57641368A64C805D5FE5725C166D8A34", "60FA7539204F72087521A3BB884D1DF2", "972C960F76CFCA69188E612D726F221B"], "players": [], "fps": 59.966969, "ping": 56}}
{"Server 10": {"id": "aabf00dd-f505-440c-9663-0eee0d860cbe", "maxPlayers": 12, "playing": 12, "playerTokens": ["78BD55F2D823E38D0AEC4D91797FE96B", "751B8931DB0C2B639252E87A1A314998", "0499CB3630C727CE4E23987A16054BB1", "5F5FF21C865F79D09D51CC40C303EB5C", "C764EDDC091AA4AD3B63954FF31BAA69", "512E27EA7F8C195061A6BA3D29384EEF", "CFF000339DB63C978D35886A7970F0E3", "E8EEDB475C67CC5826E6EAEA04CE8D1E", "13F46465CBCD624139CE1EC8C2891800", "31C9493783D5D6FFD1837BD5B277E34A", "8243F1F0BE85D346619A7FBD819B38C6", "541F64EB9AD2EE60375A5E6A452C6847"], "players": [], "fps": 59.997402, "ping": 21}}
