{"Server 1": {"id": "63de6f9e-158c-4db2-8250-a31e07848db5", "maxPlayers": 12, "playing": 12, "playerTokens": ["2EAA1919E99760BE2FFC199CCEFFBB13", "013E0B368E86DE5F36E9955664813764", "07E3E50C128D3C64D4A7E27FBD528E44", "E171D7A4456E0F614CFC9741EDC7FEB6", "A431A010AB0904611D73765C29CE7E83", "50F1E2ABD908A5EE6CF41A9EA1175E9E", "25CB42ECE07978E087E255E14CC42992", "52A1094AB4EA8B3A7D71AEFAE58493EC", "5E9176C0CADDB076FDF1AF1B429FD482", "EBDAB61ED4AC9E4A8426A5E3871E90E7", "9A880A17A684605C34BEE644DB40FE2A", "AC43CDDC6F15839732BD3CEB90992B7E"], "players": [], "fps": 48.314362, "ping": 60}}
{"Server 2": {"id": "1b224e49-21f1-4acc-b8a8-83345738f02c", "maxPlayers": 12, "playing": 12, "playerTokens": ["C66385CBC866DEAFA11797FF6B5F6A05", "2364F5DA9FE5686C8C702D415A387129", "B1AA63C21079AB2B70ED362ACAC46638", "4CE26E34BA363D2A35D9D4CA1DBEB656", "4501CAEF5ACCD0A7BF0F54FB41C3F1E9", "56C6BC08F037B6CF4DED608FF4CE7126", "FA176AD6C9414D20F71B088D0A8955AB", "043E70E18528C91AB34BEC2DC06877BC", "A95DF84FFCB80E0AFAFD27FBC82EDFE4", "1B84D73CA156BDF43C54996BAF38AE8A", "19B103401CFA345528F419A64A37AAF5", "414F6123C993C347C2D20DA98B983040"], "players": [], "fps": 59.99091, "ping": 397}}
{"Server 3": {"id": "c27ac0a2-2e4a-4f5a-9caf-ae7b10bb0e63", "maxPlayers": 12, "playing": 12, "playerTokens": ["FED05D3B6766E8DCF212DE3D503FC312", "3A52BDFE53406D597ABF457917EFCA0E", "AE80E0BB76F5ED5A168D3145288A8916", "5428D7A0DFB52FC786044D36673B7336", "F8568BD4CE403229242EC54410DB60BC", "FCDA8ECE4BAF4E73E37237AECD554DDC", "F7F44CBFC8F09F3B25EB503757003304", "2A05D6C612AD8F0DAF52BCBD825A1CF1", "08E90089E99582351455F2219CD395B3", "C05385819C84132A16BA374B26C67D74", "F02FFF304F08574911B20462997160E3", "0543069F8BC36DEC2C59957879D3D85F"], "players": [], "fps": 59.971146, "ping": 136}}
{"Server 4": {"id": "9fff9aea-d648-43d1-8427-86eb1a8df8ae", "maxPlayers": 12, "playing": 12, "playerTokens": ["D2DF5CE7F84DFE773DEC7D8302D27021", "C2AF9878B0673ACFBE5B39FFFBA690C0", "84DC7CE1539B504CBEFC52DC17CA68EA", "D98958414BCC25B8558084BC780094EB", "AF97034187EE62E6178E99667BB969F6", "FC02C10D5D1F10DE58A6297631F5F3B3", "7A6955E716B8EB8888F8E853B285AF41", "1C72D0B785BE2C774B4D56BFACC89D7D", "8132B42A900D65A6A0FA8B1203DBAF14", "3FC9676B9FED57BB81526F75674A19C2", "003A57B694689BBC212F4D616714F7A7", "0843E1CD5EFA28B2A7FDB0CBD15AF428"], "players": [], "fps": 59.989624, "ping": 139}}
{"Server 5": {"id": "e69b82da-5456-42b3-a531-2380dde10b81", "maxPlayers": 12, "playing": 12, "playerTokens": ["E012114851719F214A4FF8F9EABD489F", "E27EB58D934CEAC871C52DD4645F1D5B", "A839C951941A6D156489D5D1C3E8E47D", "9EFF705777E2A96DE3A4D8B0B4C3FBCD", "FD2F999A5D5E939FA0B821A119EFC600", "2BCFBD28AB366C86571DF92385C440FE", "28BD7E6EF6CE3E1F8D65179431F15687", "9E400B7809977033C3F93C906BFC65E2", "B2746BBBEA77D19AA62AA72DBB6C042F", "2AA7D081547446609F2CEDE2307C9367", "0361B107CA046BB8280AC4CFA87782C9", "99A75B5767075E97801AC1408548A576"], "players": [], "fps": 59.970001, "ping": 121}}
{"Server 6": {"id": "7c91c45e-7d61-432d-82cd-931d630fb6a2", "maxPlayers": 12, "playing": 12, "playerTokens": ["2491968B9C65212619AC806A0214FE35", "D272CD74EB38F5BA71F0467AEA84FC27", "E7C75AA625FA3DFEE0D1BAB99C3F68F2", "2555071FBE8443A468BE4696F4D1DDED", "CFB08866EB27D068E9B749A89140B733", "262F0C9E3AC7A55302A0EA1C3E78705D", "E9908C1B94A5B36BED545E79F46580CD", "FA89D948622364143FF6FFA531DD1241", "BF0B33375A58EBB3BACFF4820B0BE31B", "571A632B3825F69D14B424B5CF581E77", "345DD8D8F8196815500737CE575A1EC4", "4024D4EF5286224CA1098B34937E19A5"], "players": [], "fps": 60.066998, "ping": 73}}
{"Server 7": {"id": "85fcdf9a-6f19-4c6f-8e46-0d8af8a2de10", "maxPlayers": 12, "playing": 12, "playerTokens": ["ECF4031A137D6123125E7D94D5DF7ECD", "90E39A8D2AED43F2EE09EFCE5C19B145", "CC180F095E8180E4948ED3271C94A7BE", "CCB7C10A3E8C62050EA7634334C3161B", "670344CB421BF385ECF0A99717F0B8C7", "F7CC4D373144FEEFB8BB5BAD1A78ACBD", "478D606A0D03102E8081EE7A0B15C913", "4E22A48E6EAA7E1A8D1BE104072AEF5A", "55EA7CF721F37EE5C586CBBEDB69D89E", "BE8A06032B8F36FC592AEA627A84FEF4", "781D417C59D79A169C2733DB8E6C85B0", "60ADAFEDFB7848FB17B1C7BE636AA097"], "players": [], "fps": 55.616451, "ping": 62}}
{"Server 8": {"id": "7de66155-f904-46b3-a18c-0f513fe83075", "maxPlayers": 12, "playing": 12, "playerTokens": ["24746B2998F333EF62DC2CC0D2709E6D", "D033057A65BA8134C355F1BB35650854", "FFFBE82D7C346B5154DA646D0A3DF5E9", "2A72A4580915945A32315A8C3A3EFB82", "A5EF5FE029EFCBD92D4841C63D774253", "EF405EBB907FB8A4DCAAC1BD15528A64", "58DF351AC134B53A74CCE1AEFD5E4741", "8ABB394B48D2AF8F44FF28BDC99390A7", "9234EB0C803FF25B2969DA405B92FF01", "F81197E0A4F471B245623682C953C125", "E61145547EB890C77C89F232B63470AE", "C771F3A6CD0643E7CE583BE4B1149E56"], "players": [], "fps": 60.008389, "ping": 56}}
{"Server 9": {"id": "75b42530-f294-4626-b800-5128cc92ef03", "maxPlayers": 12, "playing": 12, "playerTokens": ["40114C140859FC833A992BED9891D311", "D788C03B5C26C73A6D597EBD6B81BD93", "6DC603C6D2AE1C3B0248899CB9C51EB1", "00BAD99EDDACB0289BDDE27ADA5B5872", "4EC020C7E12F375087A92DFF6791223A", "32742BE3496C0684EBC665F2D5A2F3B8", "3D0175FC181A45F1A2A3D2676844FB9E", "8A716FBE334BF01EFF4D00D93686EFF4", "4033CA3F4602BFC52952B088FCD90735", "AC05C690E6F0039FD3868FBFFEBC46FF", "58205B48C14F9A49803D0E685732CA74", "817D9DB84D8C535E9D896D317CEF05C4"], "players": [], "fps": 60.010464, "ping": 108}}
{"Server 10": {"id": "ee95543b-7051-41fd-975d-3208df0f23a7", "maxPlayers": 12, "playing": 12, "playerTokens": ["AB8F1B2AE59BB4B0F97D734D20C2FB03", "0493E32606C759A87984C9F96C5DB883", "899D910B51DFEA69F931B65DFB5022A0", "AD2EC375160C2BBE8EF05378A9A465BE", "36FAAB9933691F5C706742B04AFDC003", "AECE196ADA4D316C0F844117051D3CFC", "421585F00F6C2D3BDEE9841D595C4B5E", "4D51C9CEE3DFF3F36F6641F988AAB529", "A98CCF1BAFBE1B9C88957393F8B9AF5E", "97B63A3086A01E204845A8B5E9F7F88D", "80B997E2163C3BE7F326974EA0C4B58C", "83193297F9BFFAF679304E384C9AC6D0"], "players": [], "fps": 59.937012, "ping": 73}}
