{"Server 1": {"id": "11de8610-03a9-4148-aab4-7c5466e52e46", "maxPlayers": 12, "playing": 12, "playerTokens": ["B9EACE487EE48F2CB5EE1FDE9DDDABD4", "4FD3F322F9B6EEB3BB87DE60E475FB2B", "2B29B01165B986B50EB94C3A14B94B42", "283D162348602F13A59A6ED7F250C295", "D8A67A3DFECDC39764076A4BFF196878", "25FCB4BF5D2968FA54435B38AF74AE94", "D27EF706B3DA30BD3A1921EE0DBE054D", "F41DE995AC5F799D0DD755C8DE997658", "517607E6E6E7964ACEE1565D71D9718B", "5DE14A697F1D96135550435A9CC95EE8", "2790E74444F5DDDD810929B867731DBB", "AA753CC7A42D7515859D026B34BD4A78"], "players": [], "fps": 59.999439, "ping": 50}}
{"Server 2": {"id": "67784226-f86b-434e-aae5-b2403145fa1c", "maxPlayers": 12, "playing": 12, "playerTokens": ["53F414D6B1ABD3F13E29E8C78D8A9D06", "DF9528A1DB598610E7036AF9AD61DCAD", "718153FB9403B985FAE5D64B58B5CC0B", "E7CCA6363EA483F82654795A643226CB", "A6E6D25E8430546A712D0F1BB4B3DBC9", "BCCF0890203B3730FEA77AA46A9E7D0B", "FAC6DA36B466B9F76B3F5E123EC43487", "9EC2E41719A56102E30316D5D99D49C6", "4FD78D0C278374FFFD3AF8F27D4B2EFF", "8F92F4DEF188BF29A6C14DCA4285F7D9", "24EA08E58740C6E442D8FBBDCF2F9A39", "297DD7BD614172841EB759B8D3F5E59C"], "players": [], "fps": 59.939056, "ping": 59}}
{"Server 3": {"id": "d9278e81-be8e-4ab2-80f1-c8029f0d5076", "maxPlayers": 12, "playing": 12, "playerTokens": ["8E3FC15985C2705998192A854EF66169", "7FE5CA1555CDAE65D2A338CD0808760C", "0ACE792076BB1DE9E9A0E8E51B0844A2", "573550624D04E87157B3DA48F49DD2BC", "826D64B2968F0BDC671095BED6C0190F", "313DF363E76D0DFB2F2B536B866E47C9", "B8D7EED3CC6505CCF198A0801BB5E04A", "09C912A53A208034E7B7A56FB1C327B3", "3D37E9166612C652086C72FBC7297AB2", "B6C886CA7E487C4A9FB7A6D49F6891AC", "C941678DEA798F74EF1800CE404EC852", "11939E55BAADCA8D99F19183FAC67916"], "players": [], "fps": 59.215725, "ping": 57}}
{"Server 4": {"id": "ae44f73d-298f-42b2-a266-7b3cbbaaf65a", "maxPlayers": 12, "playing": 12, "playerTokens": ["FF0C41CE89B3FC57CC273FB4F90A20B9", "9C12116948B10432C43029B0ECA3D21B", "6576ECF9A742B56D971CC0D867311E86", "8E58F6DD9F2FBF23C4DF0DB0DBC2C96C", "924282C2BD444C2C44F3A8A1151E1B2F", "B20D2533A8EF063ACA3A7BABCBD0EDA7", "CE186C32E69D0AE08FD75732F3BD94D5", "BDF1BF813E8A5682B736A835E78C4658", "A0CA3821392BCDED4F1C8EEC132EF7F3", "9DA6B6863E2B4A6A49868956C8E030BA", "54AECB91D48A7E35DE15EAC0877B45B4", "65EEF1DB1C1EFA81242E578E734A08ED"], "players": [], "fps": 59.971378, "ping": 27}}
{"Server 5": {"id": "9cec3bfa-b67e-41a4-95be-e50d8905980f", "maxPlayers": 12, "playing": 12, "playerTokens": ["9FD95DA02C2AE630FD53DDA8774921F7", "10773A67D3FEAD44D5BE7D2B06B3AFA0", "9C3D93DCAB644B0D691C5C029E1E81FB", "D8DD790D04C0AFB70FE225E59CF43BB0", "C4D09397EF0A10B9CD70D1B6A3131124", "47C5F056D1F075D7DC70B009703DBADD", "A3F14612493BEACCDECF85F0ACE5FEA9", "9A372F4CF3802B33CC0EA50270BD180F", "00BD4AA2E7BAA8AED59EE31C2F4039E3", "8CFA46CD4FEAE9725AA3593D26217817", "0631C7BA2D224169752C9CF66CDA5759", "51CBB20DB5065B4155DB869538D4B5FC"], "players": [], "fps": 59.967545, "ping": 97}}
{"Server 6": {"id": "2d39a000-d5ec-4df6-9c36-9485aee02606", "maxPlayers": 12, "playing": 12, "playerTokens": ["5FEECB52C38AC5B3ACCB0FAC13D96AA6", "B76060FEBA905619E09CBA11E40E648C", "32CB81C85D6D7C8ABF26F2C9D77EFAD4", "813EE84170021DD1EC6FD26124D9ED29", "73936E409B98C7DBECC480313AD70145", "300E8B86ED7F6BF1C7226FD47E04AC75", "D9C5B771EB5B680D9EE835A6BE2086B0", "0A055AB3ADEC3610B25592EEC3D932B8", "8FC40C6674B32F1C9D032B6614075A6F", "DACD9B40A1A14A72FA4FA75A568E0136", "87AC5B002AB04F2CB9B25E958EAE73D3", "4F9CA8778D6952422A843BE4E754C182"], "players": [], "fps": 59.914787, "ping": 56}}
{"Server 7": {"id": "9e294577-a1d5-4314-94ed-6339a7930dcc", "maxPlayers": 12, "playing": 12, "playerTokens": ["2E30FFEB4085DC16AD54A6886C133D8C", "3EDDD63A34368FF178A31EB8B7790458", "2D47AB9F06FA52A192270C5BF5932F3D", "48120F4DC6F9570764B07B30498EFA07", "079214280680E49AB5000A825ED10671", "C2BA3EBBE4E8930D842ECD748B0C25E5", "46680D013A139FF027548D66DE49D3B5", "F89CBBEA12ADA5AA895AAF330DEF570F", "C45B378177E358BDA8B522A2A1A00A68", "05DF0F9EC1F77196FFBD8739FA34D8FE", "CF05AB384401A60C0760E702A136D824", "A6C35DFBBD60232BAFE0A067270315B0"], "players": [], "fps": 59.942543, "ping": 45}}
{"Server 8": {"id": "43d98111-c557-49fa-9247-d0e4e2103a97", "maxPlayers": 12, "playing": 12, "playerTokens": ["6610AA5A53122051A7C0661BA75CF72F", "8B7BB271BF4677B004660637BE9F5F76", "FCEBE7067D20936DEAE77EAA3C04B520", "5CCE3C46A55C97FBB8C0EAEB044F2D95", "5835BF04555CB0A6F7EBF41663D88C86", "83E0B2E0C4039643E7FDE57D504B5567", "DDA15C9153429D0B85D9DA227D3B405D", "916616905999BA115BCC04BF3223EBEC", "E5BB4349DD56DEF35B500181FBE6223E", "8077E733401DDE9831039A27689D9915", "5918D6C61AA96B888AE551F68EF598B5", "50BF3E60DB4B5A8AE2FFE082CEB9DB87"], "players": [], "fps": 59.95974, "ping": 22}}
{"Server 9": {"id": "82145327-11e4-4dd6-a118-6dadebd3b090", "maxPlayers": 12, "playing": 12, "playerTokens": ["323C4F579A1C4980DE9E3680DA87E204", "8F7EEF09FE083188C6C11B9599EA9CB9", "14B27A777FC4E5DA370BEC22804A0947", "A2521DA8413CC9509661920DD4C3BB6D", "CD04752A2628FEF68C84161FF17623D9", "FAB5DFEA56E31004562E1CC8B982EFF8", "EA851C694018A13E2C506D646EA7819B", "E7B14EC7B976981620B5A65947C1EFBD", "B11CEB53B8B2EB720B6DC89BDA9D3F7F", "4390D4FB5A9BAEE2A6F7C21608C68A6B", "0B920022E708CE1A45024AD2404BB311", "8EBEA871FDE629A2F72C03C67C14D585"], "players": [], "fps": 59.872635, "ping": 54}}
{"Server 10": {"id": "330ec2e7-ff4f-429c-9e02-e4e53d071fd8", "maxPlayers": 12, "playing": 12, "playerTokens": ["AD2F8D204620E69A39403E769D7350E6", "F824A8D80B89B8EBB59B522C37320127", "84C2810FBCE5019AD9546107AA07E78B", "4C20399E59D5D91BDDF1A961486FB6E1", "5797731B97CCC65EC64FB5BD25A56ED2", "2559FDED478FD29C1C7851571DCD55F0", "6240E11372E21285DE5F5833BDF32D0E", "741C777FC69CF8BD6F6D425391BC73EA", "C1673C21869C1D50209229EF9A6B1AA2", "2D12DE9D5994B201DFEF3DA44580A361", "71058D985835083D4E8346BEC4B37E61", "5B425A40249063867B12DF776DAE4FE2"], "players": [], "fps": 54.516949, "ping": 59}}
